{
  "Name":"Ling",
  "Level":7,
  "Stats":[[-4.675878471665054, -2.1267326373294857, -1.2197234062497821], [-3.600648863244985, -2.7412257493646774, -2.8775760623404314], [-2.773985313525425, -2.532628109640286, -1.100979753775687], [2.7686780815860637, -2.335249619888641, -0.7318843356912765], [-0.7823320324858671, -1.902313308952642, 2.268195140002134], [3.4886695403191004, -3.7718664788877345, 3.5357578477373544], [-1.9093935784214116, -3.722422881512845, 0.9682484482397351], [-0.778713401681673, -0.9226598834062124, 0.7824728369565748], [6.582416044656936, -3.2063569421368174, -1.9769234684121304], [-4.0774119807234, -1.8970527026555342, -0.8088008636327396], [-1.8088675264206233, -1.0580647412401083, -2.5592969934232253], [0.37439819044108824, -0.2702767960248856, -0.06765821849535557], [4.275170017388069, -3.3306187245216092, 0.1965272754198297], [1.6009530522318094, -3.007885479782285, -1.1871574437352619], [5.799906185019212, 0.32608164408063306, 0.007524171452511764], [-1.038267763172757, -2.9848078478862896, -1.8859172833951214], [2.088306660471098, 0.16025433528672864, 1.1507581700117748], [-2.303416786354803, -2.1660171699058757, 0.026844821114059083], [-4.0325039810689995, -1.3858182541586304, -1.7243350459258924], [1.3191559176528864, -2.534470328835313, -1.6834213287809476], [-4.056372068142382, -2.3502138380368236, -1.726706185742699], [4.9536450060968775, -1.3418237737496317, -0.6512075879282846], [-3.7443766551656172, -1.6033044439174788, -1.2270992380913832], [-1.3887244548240882, -1.5502409141466005, -1.2137637821829508], [-1.2081833198779932, -2.9478761086324963, -1.626633164809712], [-2.319064004269101, -2.5591153805191666, -0.6633071496435138], [-5.936232063847697, -2.777205193909167, -1.7593745442138458], [-4.123011291757798, -1.481134496023545, -1.3180836432872454], [5.678676710445812, -4.168520790588268, -0.7765363045041633], [7.549568558831148, -2.4766028816358068, -3.641486141115691], [-1.5774981656007934, -0.9821028710032941, 0.06766935536451903], [-1.4423272494144603, -3.5146664383287924, 3.8632337444695106], [-1.893607657071624, -0.9227499050805169, -0.23574379369517062], [-2.634493956594015, -1.8718866108707208, -1.181638539937065], [-3.5844278429942116, -3.7416737839812564, 0.3181951611889496], [-0.24800107424303094, -3.0696161148958634, 4.048142323110338], [6.998966086027309, -3.33477611568376, -4.160974323650323], [1.336439814904584, 2.023596649078578, 0.007841359502305372], [-2.2282497284132843, -1.0431392854467605, -0.1581562993834893], [-1.20049622768324, 2.0892758089632393, -1.564150479578056], [6.812972891966984, -3.1250781155326277, -1.7920561792084053], [6.585421324065963, -2.5832672081929084, -1.871215634316593], [7.015107083674807, -2.9206611228309916, -1.7610146737339487], [6.539989095504595, -3.449362545222447, -1.7294180763606084], [8.380713493667775, -2.7081222848756807, -3.1261622605108768], [5.328317944746298, -4.167380928196619, -2.3856479378045994], [1.9334852176059991, -4.321075221454204, -0.6352059077807806], [-0.4316493691354776, -4.620149577782024, 6.483880054855558], [2.969872088347334, -3.1753628968641974, -2.2925360333568543], [2.335323983507148, -2.184371502609643, 3.141259659828426], [0.16081605040831282, -2.592595354668376, 5.035301889142159], [4.896005674365339, -3.3979328199100736, -2.743537835812174], [5.356557107627983, -3.3840540913625765, -3.988683492225263], [-6.164353082417046, -2.4596806724638203, -1.9997695410018081], [-6.438919259350802, -1.3225169881104935, -2.0513185659127275], [-7.144347889851768, -2.8413961591448773, -2.6229505291394264], [-1.056363716397236, -2.951424452403913, 3.3982726041481484], [-6.6229804896254425, -1.522895107237242, -1.9229318001521332], [-1.0788610217633743, -2.090129995024753, 3.0273420174922046], [4.21614396598149, -3.3744603056650653, -3.768631834879471], [1.469462553122722, -4.679936018945126, 3.3607021418876877], [-6.539206723555893, -1.8700136228697994, -2.127798084584186], [-2.579876859982408, -2.5645812886721946, -0.4384365956446661], [-6.524339258618764, -1.4898748884477058, -2.1595526528839954], [-0.8074391522628791, -3.814694503591751, 3.681460381699542], [-6.0441517762426535, -1.9240624767590626, -2.281579235471873], [2.109254692664508, -3.0247628772926958, -2.329245730226055], [0.3931524214519516, -3.678147780541058, 2.7462556219822143], [5.119826733871636, -0.5447940565241495, -1.2712905068168212], [-6.6622432342615445, -1.9043394504095743, -2.0346880718662055], [-1.868587799336665, -2.221925641044132, 3.857167963554698], [-0.3547891587800584, -2.7744158528610456, 1.7196277443172248], [-3.056450537730242, -1.4471002554937695, -1.899274808846028], [-3.248692009759005, -1.982943137945949, -1.367658754808477], [0.8783548303291924, -2.116066613260978, 3.0173286541464734], [1.4419690992567906, -1.4052159877260615, 0.6024795744595185], [6.3502803569600434, -1.8327742773105125, -1.9968681565018118], [-5.736508733245406, -2.1018394100720554, -1.7567782361186683], [-2.28119781172569, -0.9354894001258034, 0.035644062533638846], [-0.38038708082592565, -2.128665446715322, -2.026221921379464], [4.349321160539986, -0.9090565195962296, -0.43229131377583063], [-6.666686779578281, -2.018345438588453, -2.317729784648841], [-2.830098393238704, -3.235052634597082, -0.97205632239811], [-5.439344812895458, -2.050592658944742, -2.0924905141417893], [3.301036239165221, 0.9611426766531981, -0.7685980605767263], [-5.4782309006415355, -1.7617349717023314, -2.3570888353828705], [2.539125716647778, -1.8699826129709682, -2.7251704470898717], [3.2470929423800237, -4.070212709398127, 2.3234245783641767], [4.990842723832685, -1.659902914629367, -1.32702302076459], [-3.740742336251817, -1.8321257728286735, -0.8863837912432152], [-1.7380769343369011, 1.133175737888361, -3.1875332354480235], [-0.08755680170088245, -3.051112951209289, 4.865176069166019], [0.8636528785895257, -3.9519987468172117, 1.2621986823676337], [0.16283210978425156, -4.274751350700668, 2.760823231253418], [-3.0972714038732434, -1.294146795224821, -0.653161521863204], [4.528046097225844, -3.826093877219683, -2.1898380659142282], [7.147359468846112, -2.347030886905497, -2.092932095817878], [7.41115254324276, -1.912040215253937, -2.8928768503441766], [-0.6603670023368595, -0.1766427397629881, 1.5657919008261094], [-3.95885482122545, -1.9137055246061814, -2.6218700515040454], [-1.3365729063754486, -0.004121832809352494, -2.8111871048337385], [-1.8731436260639187, -1.558121335206244, 1.1912781141888362], [-0.8270370651661454, -2.148013859083722, 3.570610776632015], [-3.87132171189814, -1.389174444822258, -1.3139089131442505], [2.361557463370693, -1.7464523668830116, 3.2897569024884734], [5.315805390794829, -2.3882265435976686, -2.7159842751214813], [-0.3879461278173957, -3.7890708901339782, 4.946213918363724], [-5.527489323285227, -1.5576826751815747, -2.1364650476306117], [7.988986027251526, -2.3092286320923585, -4.294289187352025], [-0.9233648580072688, -0.8620547524085713, -0.6133040722315527], [-5.194471130166634, -1.6267076893219328, -1.9139826150329218], [-1.143131183763972, -2.343712510975007, 1.595599546363485], [0.24495007262693308, -0.11174172205457752, -2.4227804885018682], [3.773773391831602, -3.2542316461352594, 0.2886175492926038], [-6.131139110083749, -1.7938608365598692, -2.278856636597589], [0.907887418991138, -2.1977636411892174, 0.6515622723123029], [2.9549372546753863, -0.7052040075284174, -1.6075467403832573], [0.9482720493707558, -2.4630907067523737, -1.037131029548498], [1.7500428812550453, -0.2947660917627817, -2.7444198804357494], [3.7309411429149337, -4.017147094082723, -1.400099975328986], [0.2147408669896436, -0.8141309947125901, 4.079755646330809], [1.9832016522781237, -3.435692423681871, 3.4672858470235566], [7.606152133261206, -2.3501956847217085, -3.98950601868691], [3.799985514587257, -3.3287193879738006, -0.10214868543476568], [-1.1907364085137089, -2.409181972182358, -1.5141531667434618], [3.239321867453239, -2.80673517172223, 0.6919033101089709], [3.403135397856235, 